{
    "sneakers":[
        {
            "id":"1",
            "name":"nikeV43",
            "image":"../images/Sneakers/s1.png",
            "description":"Lorem ipsum dolor sit amet consectetur adipisicing elit. Cupiditate fuga vitae assumenda magnam dicta ipsa error voluptatem sit sunt facilis.",
            "price":150,
            "rate":"4/5",
            "brand":"nike",
            "date":"Mar 12 2018",
            "color":"green",
            "sizes":[26,28,30.5,31],
            "userChanging":"1",
            "userSelectedSize":""
        },
        {
            "id":"2",
            "name":"nikeV67",
            "image":"../images/Sneakers/s2.png",
            "description":"Lorem ipsum dolor sit amet consectetur adipisicing elit. Cupiditate fuga vitae assumenda magnam dicta ipsa error voluptatem sit sunt facilis.",
            "price":138,
            "rate":"3/5",
            "brand":"nike",
            "date":"Oct 04 2022",
            "color":"white",
            "sizes":[26,30,31],
            "userChanging":"1",
            "userSelectedSize":""
            },
        {
            "id":"3",
            "name":"nikeV11",
            "image":"../images/Sneakers/s3.png",
            "description":"Lorem ipsum dolor sit amet consectetur adipisicing elit. Cupiditate fuga vitae assumenda magnam dicta ipsa error voluptatem sit sunt facilis.",
            "price":180,
            "rate":"4/5",
            "brand":"nike",
            "date":"Oct 08 2015",
            "color":"white",
            "sizes":[26,27,28.5,30,31],
            "userChanging":"1",
            "userSelectedSize":""
            },
        {
            "id":"4",
            "name":"nikeV72",
            "image":"../images/Sneakers/s4.png",
            "description":"Lorem ipsum dolor sit amet consectetur adipisicing elit. Cupiditate fuga vitae assumenda magnam dicta ipsa error voluptatem sit sunt facilis.",
            "price":110,
            "rate":"2/5",
            "brand":"nike",
            "date":"Jun 09 2017",
            "color":"white",
            "sizes":[26,28],
            "userChanging":"1",
            "userSelectedSize":""
            },
        {
            "id":"5",
            "name":"nikeV91",
            "image":"../images/Sneakers/s5.png",
            "description":"Lorem ipsum dolor sit amet consectetur adipisicing elit. Cupiditate fuga vitae assumenda magnam dicta ipsa error voluptatem sit sunt facilis.",
            "price":162,
            "rate":"3/5",
            "brand":"nike",
            "date":"Jul 11 2018",
            "color":"black",
            "sizes":[27,29,29.5,31],
            "userChanging":"1",
            "userSelectedSize":""
            },
        {
            "id":"6",
            "name":"nikeV004",
            "image":"../images/Sneakers/s6.png",
            "description":"Lorem ipsum dolor sit amet consectetur adipisicing elit. Cupiditate fuga vitae assumenda magnam dicta ipsa error voluptatem sit sunt facilis.",
            "price":89,
            "rate":"3/5",
            "brand":"nike",
            "date":"Feb 19 2021",
            "color":"colorful",
            "sizes":[27.5,28,30,30.5],
            "userChanging":"1",
            "userSelectedSize":""
            },
        {
            "id":"7",
            "name":"nikeV33",
            "image":"../images/Sneakers/s7.png",
            "description":"Lorem ipsum dolor sit amet consectetur adipisicing elit. Cupiditate fuga vitae assumenda magnam dicta ipsa error voluptatem sit sunt facilis.",
            "price":199,
            "rate":"2/5",
            "brand":"nike",
            "date":"Apr 26 2019",
            "color":"red",
            "sizes":[30.5,31,31.5],
            "userChanging":"1",
            "userSelectedSize":""
            },
        {
            "id":"8",
            "name":"nikeV198",
            "image":"../images/Sneakers/s8.png",
            "description":"Lorem ipsum dolor sit amet consectetur adipisicing elit. Cupiditate fuga vitae assumenda magnam dicta ipsa error voluptatem sit sunt facilis.",
            "price":148,
            "rate":"5/5",
            "brand":"nike",
            "date":"Nov 11 2015",
            "color":"green",
            "sizes":[28.5,30],
            "userChanging":"1",
            "userSelectedSize":""
            },
        {
            "id":"9",
            "name":"nikeV69",
            "image":"../images/Sneakers/s9.png",
            "description":"Lorem ipsum dolor sit amet consectetur adipisicing elit. Cupiditate fuga vitae assumenda magnam dicta ipsa error voluptatem sit sunt facilis.",
            "price":143,
            "rate":"2/5",
            "brand":"nike",
            "date":"Dec 01 2016",
            "color":"black",
            "sizes":[29.5,31,31.5],
            "userChanging":"1",
            "userSelectedSize":""
            },
        {
            "id":"10",
            "name":"nikeV472",
            "image":"../images/Sneakers/s10.png",
            "description":"Lorem ipsum dolor sit amet consectetur adipisicing elit. Cupiditate fuga vitae assumenda magnam dicta ipsa error voluptatem sit sunt facilis.",
            "price":188,
            "rate":"3/5",
            "brand":"nike",
            "date":"Aug 16 2014",
            "color":"white",
            "sizes":[27,29,30],
            "userChanging":"1",
            "userSelectedSize":""
            },
        {
            "id":"11",
            "name":"adidasA34",
            "image":"../images/Sneakers/s11.png",
            "description":"Lorem ipsum dolor sit amet consectetur adipisicing elit. Cupiditate fuga vitae assumenda magnam dicta ipsa error voluptatem sit sunt facilis.",
            "price":139,
            "rate":"4/5",
            "brand":"adidas",
            "date":"Apr 17 2019",
            "color":"blue",
            "sizes":[29.5],
            "userChanging":"1",
            "userSelectedSize":""
            },
        {
            "id":"12",
            "name":"adidasA74",
            "image":"../images/Sneakers/s12.png",
            "description":"Lorem ipsum dolor sit amet consectetur adipisicing elit. Cupiditate fuga vitae assumenda magnam dicta ipsa error voluptatem sit sunt facilis.",
            "price":148,
            "rate":"2/5",
            "brand":"adidas",
            "date":"Aug 10 2022",
            "color":"blue",
            "sizes":[29.5,31],
            "userChanging":"1",
            "userSelectedSize":""
            },
        {
            "id":"13",
            "name":"adidasA921",
            "image":"../images/Sneakers/s13.png",
            "description":"Lorem ipsum dolor sit amet consectetur adipisicing elit. Cupiditate fuga vitae assumenda magnam dicta ipsa error voluptatem sit sunt facilis.",
            "price":172,
            "rate":"5/5",
            "brand":"adidas",
            "date":"May 03 2016",
            "color":"blue",
            "sizes":[26,29,30.5,31.5],
            "userChanging":"1",
            "userSelectedSize":""
            },
        {
            "id":"14",
            "name":"adidasA321",
            "image":"../images/Sneakers/s14.png",
            "description":"Lorem ipsum dolor sit amet consectetur adipisicing elit. Cupiditate fuga vitae assumenda magnam dicta ipsa error voluptatem sit sunt facilis.",
            "price":153,
            "rate":"3/5",
            "brand":"adidas",
            "date":"Sep 27 2021",
            "color":"black",
            "sizes":[29,31,31.5],
            "userChanging":"1",
            "userSelectedSize":""
            },
        {
            "id":"15",
            "name":"adidasA503",
            "image":"../images/Sneakers/s15.png",
            "description":"Lorem ipsum dolor sit amet consectetur adipisicing elit. Cupiditate fuga vitae assumenda magnam dicta ipsa error voluptatem sit sunt facilis.",
            "price":112,
            "rate":"5/5",
            "brand":"adidas",
            "date":"Dec 13 2013",
            "color":"colorful",
            "sizes":[26,29],
            "userChanging":"1",
            "userSelectedSize":""
            },
        {
            "id":"16",
            "name":"adidasA49",
            "image":"../images/Sneakers/s16.png",
            "description":"Lorem ipsum dolor sit amet consectetur adipisicing elit. Cupiditate fuga vitae assumenda magnam dicta ipsa error voluptatem sit sunt facilis.",
            "price":109,
            "rate":"5/5",
            "brand":"adidas",
            "date":"Oct 17 2020",
            "color":"white",
            "sizes":[28,31],
            "userChanging":"1",
            "userSelectedSize":""
            },
        {
            "id":"17",
            "name":"adidasA19",
            "image":"../images/Sneakers/s17.png",
            "description":"Lorem ipsum dolor sit amet consectetur adipisicing elit. Cupiditate fuga vitae assumenda magnam dicta ipsa error voluptatem sit sunt facilis.",
            "price":137,
            "rate":"4/5",
            "brand":"adidas",
            "date":"May 12 2019",
            "color":"white",
            "sizes":[29,31.5],
            "userChanging":"1",
            "userSelectedSize":""
            },
        {
            "id":"18",
            "name":"adidasA669",
            "image":"../images/Sneakers/s18.png",
            "description":"Lorem ipsum dolor sit amet consectetur adipisicing elit. Cupiditate fuga vitae assumenda magnam dicta ipsa error voluptatem sit sunt facilis.",
            "price":105,
            "rate":"2/5",
            "brand":"adidas",
            "date":"Aug 24 2022",
            "color":"gray",
            "sizes":[28,30,31,31.5],
            "userChanging":"1",
            "userSelectedSize":""
            },
        {
            "id":"19",
            "name":"adidasA893",
            "image":"../images/Sneakers/s19.png",
            "description":"Lorem ipsum dolor sit amet consectetur adipisicing elit. Cupiditate fuga vitae assumenda magnam dicta ipsa error voluptatem sit sunt facilis.",
            "price":173,
            "rate":"1/5",
            "brand":"adidas",
            "date":"Feb 04 2019",
            "color":"black",
            "sizes":[29,29.5,31],
            "userChanging":"1",
            "userSelectedSize":""
            },
        {
            "id":"20",
            "name":"adidasA99",
            "image":"../images/Sneakers/s20.png",
            "description":"Lorem ipsum dolor sit amet consectetur adipisicing elit. Cupiditate fuga vitae assumenda magnam dicta ipsa error voluptatem sit sunt facilis.",
            "price":192,
            "rate":"3/5",
            "brand":"adidas",
            "date":"Jan 22 2017",
            "color":"gray",
            "sizes":[30],
            "userChanging":"1",
            "userSelectedSize":""
            },
        {
            "id":"21",
            "name":"jordanJ92",
            "image":"../images/Sneakers/s21.png",
            "description":"Lorem ipsum dolor sit amet consectetur adipisicing elit. Cupiditate fuga vitae assumenda magnam dicta ipsa error voluptatem sit sunt facilis.",
            "price":212,
            "rate":"3/5",
            "brand":"jordan",
            "date":"Apr 28 2013",
            "color":"black",
            "sizes":[27,27.5,28,29,30.5,31],
            "userChanging":"1",
            "userSelectedSize":""
            },
        {
            "id":"22",
            "name":"jordanJ142",
            "image":"../images/Sneakers/s22.png",
            "description":"Lorem ipsum dolor sit amet consectetur adipisicing elit. Cupiditate fuga vitae assumenda magnam dicta ipsa error voluptatem sit sunt facilis.",
            "price":193,
            "rate":"3/5",
            "brand":"jordan",
            "date":"Aug 26 2016",
            "color":"red",
            "sizes":[29,31,31.5],
            "userChanging":"1",
            "userSelectedSize":""
            },
        {
            "id":"23",
            "name":"jordanJ702",
            "image":"../images/Sneakers/s23.png",
            "description":"Lorem ipsum dolor sit amet consectetur adipisicing elit. Cupiditate fuga vitae assumenda magnam dicta ipsa error voluptatem sit sunt facilis.",
            "price":172,
            "rate":"5/5",
            "brand":"jordan",
            "date":"Feb 11 2022",
            "color":"white",
            "sizes":[26,26.5,27,28,30,30.5,31],
            "userChanging":"1",
            "userSelectedSize":""
            },
        {
            "id":"24",
            "name":"jordanJ09",
            "image":"../images/Sneakers/s24.png",
            "description":"Lorem ipsum dolor sit amet consectetur adipisicing elit. Cupiditate fuga vitae assumenda magnam dicta ipsa error voluptatem sit sunt facilis.",
            "price":153,
            "rate":"3/5",
            "brand":"jordan",
            "date":"Jul 23 2021",
            "color":"black",
            "sizes":[26.5,28.5,29,29.5,31],
            "userChanging":"1",
            "userSelectedSize":""
            },
        {
            "id":"25",
            "name":"jordanJ52",
            "image":"../images/Sneakers/s25.png",
            "description":"Lorem ipsum dolor sit amet consectetur adipisicing elit. Cupiditate fuga vitae assumenda magnam dicta ipsa error voluptatem sit sunt facilis.",
            "price":112,
            "rate":"2/5",
            "brand":"jordan",
            "date":"Nov 17 2011",
            "color":"white",
            "sizes":[27,28,28.5,29,31],
            "userChanging":"1",
            "userSelectedSize":""
            },
        {
            "id":"26",
            "name":"jordanJ83",
            "image":"../images/Sneakers/s26.png",
            "description":"Lorem ipsum dolor sit amet consectetur adipisicing elit. Cupiditate fuga vitae assumenda magnam dicta ipsa error voluptatem sit sunt facilis.",
            "price":109,
            "rate":"3/5",
            "brand":"jordan",
            "date":"Mar 06 2018",
            "color":"white",
            "sizes":[29,30,30.5,31],
            "userChanging":"1",
            "userSelectedSize":""
            },
        {
            "id":"27",
            "name":"jordanJ44",
            "image":"../images/Sneakers/s27.png",
            "description":"Lorem ipsum dolor sit amet consectetur adipisicing elit. Cupiditate fuga vitae assumenda magnam dicta ipsa error voluptatem sit sunt facilis.",
            "price":137,
            "rate":"1/5",
            "brand":"jordan",
            "date":"Jun 29 2015",
            "color":"green",
            "sizes":[29,31,31.5],
            "userChanging":"1",
            "userSelectedSize":""
            },
        {
            "id":"28",
            "name":"jordanJ71",
            "image":"../images/Sneakers/s28.png",
            "description":"Lorem ipsum dolor sit amet consectetur adipisicing elit. Cupiditate fuga vitae assumenda magnam dicta ipsa error voluptatem sit sunt facilis.",
            "price":105,
            "rate":"5/5",
            "brand":"jordan",
            "date":"Dec 01 2020",
            "color":"red",
            "sizes":[29,30],
            "userChanging":"1",
            "userSelectedSize":""
            },
        {
            "id":"29",
            "name":"jordanJ932",
            "image":"../images/Sneakers/s29.png",
            "description":"Lorem ipsum dolor sit amet consectetur adipisicing elit. Cupiditate fuga vitae assumenda magnam dicta ipsa error voluptatem sit sunt facilis.",
            "price":173,
            "rate":"2/5",
            "brand":"jordan",
            "date":"Sep 19 2021",
            "color":"colorful",
            "sizes":[27],
            "userChanging":"1",
            "userSelectedSize":""
            },
        {
            "id":"30",
            "name":"jordanJ092",
            "image":"../images/Sneakers/s30.png",
            "description":"Lorem ipsum dolor sit amet consectetur adipisicing elit. Cupiditate fuga vitae assumenda magnam dicta ipsa error voluptatem sit sunt facilis.",
            "price":192,
            "rate":"3/5",
            "brand":"jordan",
            "date":"Oct 07 2009",
            "color":"colorful",
            "sizes":[27,29,31.5],
            "userChanging":"1",
            "userSelectedSize":""
            }
    ] 
}